پاسداران,نگارستان 8,35.7582856,51.4542482
دولت,بر دولت,35.704722,51.360347
دارآباد,سبك رو,35.816045,51.492635
نامجو,كاوه غربي,37.239648,55.162476
جردن,بر آفريقا (جردن),35.78304,51.424176
توانير,برعباسپور (توانير),38.075602,46.344724
یوسف آباد,کاج شمالي,35.730861,51.403369
کاشانی,بوستان دوم,35.752231,51.339458
بلوارفردوس,بر بلوار فردوس,35.722997,51.320232
شريعتي,نرسيده به حسينيه ارشاد,35.737102,51.363281
پاسداران,بر پاسداران,35.7547432,51.452576
سعادت آباد,پاكنژادشمالي,35.775254,51.363419
دروس,جهانباني,35.773943,51.451798
گاندي,بر گاندي,35.75225,51.412412
صدر,دستورجنوبي,35.785291,51.441199
وليعصر,روبروي پمپ بنزين باغ فردوس,35.724833,51.327693
گيشا,فاضل غربي,35.729246,51.3756
جنت آباد,35 متري گلستان,35.759578,51.304252
آجودانيه,14 شرقي,35.742969,51.456409
شريعتي,نرسيده به ميدان قدس,35.70265,51.106282
جنت آباد,تقاطع همت,35.596023,51.430382
شهران,نرسيده به فلكه سوم,35.574911,51.413096
جنت آباد,ميدان 4 باغ,35.770803,51.479459
کاشانی,بلوار آسيا,35.733772,51.309617
پونك,ايرانپارس,35.458293,51.376963
ستارخان,4 راه اسدي,35.670932,51.438727
شهران,يزد,35.737645,51.464312
بلوارفردوس,بلوار آسيا,35.471956,51.730767
پونك,ضلع شمالي ميدان,35.761113,51.339152
جنت آباد,نرسيده به اتوبان همت,35.597391,61.143233
اشرفي اصفهاني,بعد از بزرگراه نيايش,35.716972,51.365734
جنت آباد,ايرانپارس,35.458293,51.376963
شهرك غرب,فاز 4,35.793084,51.406839
شهران,طوقاني,35.732968,51.500706
جنت آباد,كوروش,35.771197,51.452461
جنت آباد,4 راه لاله,35.738326,51.592384
شريعتي,حسين آباد,35.738758,51.44617
اشرفي اصفهاني,برج نگين رضا,35.73289,51.33306
-,شهرك راه آهن,35.70936,51.312993
پونك,طور,35.761113,51.339152
زعفرانيه,سرلشگر فلاحي,35.806225,51.415211
شريعتي,نوبهار,35.702872,51.437893
عباس آباد,پاليزي,35.812115,51.429109
وليعصر,خاكزاد,35.789159,51.418542
فرشته,اكبري,35.632294,51.455886
ظفر,نونهالان,35.767495,51.422423
نياوران,فراني,35.766649,51.443294
-,نگارستان 8,35.687796,51.028437
اقدسيه,نياززاده,35.594122,51.442771
اقدسيه,اوشان,35.901978,51.521759
محموديه,4 راه لاله,35.79458,51.453558
دولت,سه راه نشاط,35.779852,51.448177
میدان نور,نبش مطهري,35.596023,51.430382
-,همت,35.596023,51.430382
سعادت آباد,شهرك مخابرات,35.779945,51.37547
سعادت آباد,بخشايش,35.779945,51.37547
سعادت آباد,ميدان بوستان,35.811649,51.394493
ستارخان,4 راه خسرو جنوبي,35.72125,51.36277
هفت تير,بهارمستيان,35.556974,51.168403
ستارخان,بر ستارخان,35.72125,51.36277
مرزداران,نرسيده به 4 را ه ابوالفضل,35.734472,51.352443
شريعتي,پشت پارك شريعتي,36.352563,59.518018
پاسداران,بوستان 9,35.7683681,51.4593138
شريعتي,روبروي ميرداماد,35.7601575,51.4460192
یوسف آباد,مدبر,35.736464,51.50535
شريعتي,قلهك,35.7740861,51.4372108
آل احمد,بر جلال آل احمد,35.692782,51.344387
کردستان,برج هزاره سوم(ميلينيوم),35.748234,51.402707
سعادت آباد,بالاتر از ميدان سرو,35.782199,51.374677
شهرك غرب,درختي,35.775626,51.352393
اقدسيه,ميني سيتي,35.794343,51.506781
اميرآباد,خ 7,29.618624,51.641133
جردن,گلشهر,35.775695,51.425462
اشرفي اصفهاني,شهرك نيرو هوائي,35.760171,51.335085
اشرفي اصفهاني,شهرك نفت,35.777004,51.335932
شهران,فلكه سوم,35.76257,51.289922
شريعتي,روبروي ظفر,35.689896,51.41138
جنت آباد,نسترن 1,35.757212,51.311771
فرمانيه,صالحي,35.802588,51.458857
وليعصر,بالاتر ازنيايش,38.040779,46.397447
مرزداران,بر مرزداران,38.941153,45.627921
کاشانی,بر كاشاني,35.747436,51.285974
شهرك غرب,فاز 2,35.738,51.364543
نياوران,بر نياوران( باهنر),35.81285,51.451429
بخارست,نبش خ 6,35.732896,51.416698
اقدسيه,ارتش,35.79898,51.502026
ستارخان,برادران توكلي,35.72125,51.36277
اشرفي اصفهاني,فكوري,35.778294,51.333188
اشرفي اصفهاني,نوبهار,35.757967,51.338688
نياوران,كاخ,36.479811,52.878367
نياوران,جمشيديه,35.718501,51.383682
آرژانتين,12 شرقي,35.733488,51.417434
ونك,بر خيابان,31.52754,51.330231
ظفر,حميد صديق,30.094522,31.373337
شريعتي,بالاتر از پل سيدخندان,35.7429999,51.4470935
نياوران,زينعلي,35.814962,51.474269
اميرآباد,خ 5,35.681551,51.386063
ستارخان,شادمان(شادمهر),35.707748,51.36546
وليعصر,باغ فردوس,30.365117,50.77414
کاشانی,پيامبر,35.737058,51.317817
جردن,نگار,35.775356,51.459973
ستارخان,پائيزان,35.769968,51.344461
کاشانی,ستاري,35.877942,50.978556
مطهري,حجت,35.721221,51.35747
ملاصدرا,برملاصدرا,35.514163,51.153128
پاسداران,ميدان هروي,35.767223,51.476391
آزادی,صالحي,35.710409,51.362222
شهرك غرب,گل آراي جنوبي,35.74507,51.230097
سهروردی شمالی,حسام زاده,35.718155,51.433939
کاشانی,سازمان برنامه شمالي,35.736122,51.302777
خواجه نظام,قنبري,35.624534,51.101415
بهارشمالي,گروسي,35.723573,51.4315
-,شهرك نمونه,33.896169,48.73502
پاسداران,ساقدوش(افشاري),35.761703,51.468823
یوسف آباد,خ 66,35.746189,51.399496
-,شهرك گلستان,35.752681,51.338289
کاشانی,شاهين جنوبي,35.649219,50.905065
توحيد,مهيار,35.779582,51.418713
پاسداران,بهارستان 10,35.677098,51.405701
شريعتي,كليم كاشاني,35.640105,51.415582
کاشانی,بلوار تعاون,35.706234,51.22316
شمس آباد,بهشتي,35.899514,51.526341
ستارخان,شوريده,35.725647,51.367802
ستارخان,شقايق,35.627316,51.375098
اشرفي اصفهاني,كمالي,35.818503,51.481508
چیذر,پائين تر از مسجد قائم,35.836673,50.990783
طالقاني,جنب هتل انقلاب,35.713105,51.408403
خواجه عبدالله,برخيابان,35.744333,51.456208
الهيه,دشتي,35.680909,51.379954
-,همت غرب,33.556392,52.47556
دارآباد,افتخاري,35.815191,51.48946
میدان نور,پيامبر غربي,35.737058,51.317817
شريعتي,زمرد(ناطق نوري),35.814509,51.530181
کاشانی,سرو,35.736696,51.290181
سعادت آباد,خ 15,35.776242,51.364661
-,سبلان شمالي,35.782281,51.326179
جنت آباد,بالاتر از نيايش,35.716972,51.365734
پونك,شهرك نفت,35.795115,51.520378
سعادت آباد,پويش,35.68859,52.024874
کاشانی,گلها,35.605339,51.427677
عباس آباد,ميترا( کاووسی فر),35.697867,51.397269
یوسف آباد,ميدان كلانتري,35.730861,51.403369
سهروردی شمالی,برازنده,35.742494,51.440357
-,نظام آباد,35.709345,51.459832
شريعتي,روبروي حسينيه ارشاد,35.7569228,51.4477104
یوسف آباد,مستوفي,35.688782,51.454181
شيراز,رضوان,35.808034,51.504185
دربند,ابتداي دربند,35.823329,51.425052
صدر,ميدان پيروز,35.691262,51.469711
ميرداماد,بر ميرداماد,35.7600179,51.4456988
سهروردی شمالی,برخيابان,35.73329,51.439994
فرمانيه,باغ نظر,35.812194,51.466099
قيطريه,حكمت,36.294591,50.007912
نياوران,آهنگ,35.484002,51.076425
ظفر,آرش,35.755809,51.33932
جردن,خرسند,35.634659,51.408812
شريعتي,سرباز,35.690323,51.39338
اميرآباد,خ 1,35.76807,51.448618
رسالت,خ 156,35.731209,51.523462
آل احمد,ارمكان,35.610263,51.425325
اقدسيه,گلستان شمالي,35.72486,51.32169
جنت آباد,بالاتر از همت,35.596023,51.430382
میدان نور,ستاري,35.877942,50.978556
شهران,اسحاقي,35.675435,51.036597
شهرك غرب,پونك باختري,35.756414,51.375859
چمران,آتي ساز,35.754368,51.153446
سعادت آباد,خ 2,35.787226,51.378844
سعادت آباد,حاجي پورامير (پاك شمالي),35.733407,51.579446
اشرفي اصفهاني,نسترن 2,35.471783,51.070094
ازگل,كامران,35.679974,51.399785
-,دهكده المپيك,35.749399,51.263953
اشرفي اصفهاني,نرسيده به همت,35.745387,50.947309
اشرفي اصفهاني,بوستان,35.75956,51.203224
پاسداران,مبارك آباد,35.76563,51.475634
شريعتي,3 راه طالقاني,35.7314196,51.445123
جنت آباد,شهرك مبعث,35.743099,50.938539
آل احمد,حاجي پور امير(پاك شمالي),35.692782,51.344387
وليعصر,بالاتر از لوكس طلائي,35.806017,50.88734
اميرآباد,اكبري,35.670599,51.365978
کاشانی,اباذر,35.689124,51.403494
سعادت آباد,سرو غربي,35.736728,51.288713
میدان نور,مطهري,35.828583,50.996706
سعادت آباد,صرافها,35.670346,51.42394
خواجه عبدالله,خ 20,35.747843,51.453861
نياوران,عرفاني,35.708871,51.375263
یوسف آباد,خ 2/42,35.721681,51.402362
اميرآباد,خ 2,35.736122,51.430987
مطهري,بر مطهري( تخت طاووس),35.724235,51.42919
آجودانيه,خ 2,35.807425,51.486104
پاسداران,سروستان 5,35.743599,51.30893
شهرآراء,گل افرا,35.712395,51.368266
سعادت آباد,بر سعادت آباد,35.786327,51.381104
نياوران,مهماندوست,35.815922,51.470221
نياوران,روبروي پمپ بنزين,35.812565,51.455813
اقدسيه,روبروي ميني سيتي,35.594122,51.442771
اميرآباد,فاطمي,35.720151,51.405977
بلوارفردوس,شقايق جنوبي,35.627316,51.375098
شريعتي,قدوسي(قصر),35.727657,51.450648
سعادت آباد,خ 16,35.780855,51.380003
جمالزاده,اخوان,35.729792,51.401256
پاسداران,مازيار,35.786548,51.470537
پاسداران,سروستان 1,35.807535,51.509916
اميرآباد,خ 11,35.714006,51.389482
جردن,صداقت,35.775216,51.416679
بخارست,خ 6,35.732896,51.416698
عباس آباد,سرافراز(درياي نور),35.72622,51.420955
شيراز,بر خيابان,35.48897,51.21422
فرمانيه,نوريان,35.787271,51.45903
شريعتي,(اسدی)واعظي ,35.670932,51.438727
ميرداماد,رازان جنوبي,35.760725,51.440484
سهروردی شمالی,مهناز(صابونچي),35.73329,51.439994
شهرك غرب,فاز1,35.798545,51.408705
شهرك غرب,فلامك شمالي,35.756414,51.375859
ديباجي,بر خيابان,35.786877,51.459847
میدان نور,پيامبر شرقي,35.737058,51.317817
بلوارفردوس,پرواز جنوبي,35.722997,51.320232
نياوران,جشن,35.813473,51.457984
دولت,نرسيده به به بلوار كاوه,35.704722,51.360347
جردن,ليدا,35.78304,51.424176
سهروردی شمالی,شريف,35.73329,51.439994
ستارخان,بازار سنتي ستارخان,35.72125,51.36277
وزراء,بر وزرا(خالد اسلامبولي),35.737354,51.412513
سعادت آباد,شهرك بهرود,35.786327,51.381104
یوسف آباد,بر خيابان,35.730861,51.403369
سهروردی شمالی,سورنا(خليل حسيني),35.728321,51.433836
فرمانيه,تقاطع كامرانيه,35.68353,51.402462
جردن,ناهيد غربي,35.734144,51.342074
جنت آباد,عسگري,35.757851,51.300434
شهران,بالاتر از فلكه دوم,35.766454,51.289117
جنت آباد,كبيرزاده,35.726391,51.38436
جنت آباد,بعثت,35.756002,51.300752
جنت آباد,تقاطع كاشاني,35.740306,51.303706
اشرفي اصفهاني,ردائي,35.660742,51.356945
آل احمد,پل آزمايش,35.692782,51.344387
جنت آباد,نبش خ 4,35.760121,51.30737
آل احمد,نويسندگان,35.692998,51.344006
نياوران,همايون,35.815922,51.470221
ستارخان,ضلع شمال غربي پل,35.72125,51.36277
سعادت آباد,نبش خ 1,35.789442,51.387457
قيطريه,سهيل,35.711633,51.365462
سوهانک,لاله,35.807053,51.526891
کاشانی,شهرك راه آهن,31.867457,54.346543
آجودانيه,خ 13,35.802476,51.470221
محموديه,جوانان,35.792169,51.409126
شمس آباد,ميدان مريم,35.804361,51.525805
جردن,شاهرخ,35.71879,51.428335
ژاندارمري,فرزانگان,35.727429,51.345519
فرمانيه,نرسيده به ميدان نارون,35.735852,51.354465
ازگل,نوبهار جنوبي,35.789395,51.512379
لواسان,نرسيده به ميدان نارون,35.820326,51.625485
ستارخان,استوار,35.709467,51.36316
شمس آباد,ريحاني,35.648464,51.327216
آجودانيه,بر خيابان,35.802476,51.453292
شهرك غرب,فاز3,35.756414,51.375859
اميرآباد,بين فرصت و نصرت,35.47543,49.053303
پاسداران,اخوان,35.785574,51.436129
دولت,عين آبادي,32.800717,51.686931
ستارخان,4 راه خسرو,35.703675,51.362744
کريمخان,بر كريمخان,35.715212,51.418011
میدان نور,حكيم غرب,35.535413,51.214582
نياوران,نخجوان,35.814823,51.444084
کاشانی,ابراهيمي شمالي,35.727468,51.311528
نياوران,نبش كامرانيه,35.802476,51.453292
جمالزاده,بر خيابان,35.802476,51.453292
سعادت آباد,خ 28 غربي,35.779945,51.37547
سعادت آباد,خ 27,35.779945,51.37547
کاشانی,آلاله,35.563493,51.228146
فرمانيه,نارنجستان 8,35.798097,51.47725
شهرك غرب,ارغوان غربي,35.787107,51.379541
ولنجك,جنب دانشگاه,35.806246,51.402068
کاشانی,شقايق,35.735601,51.307767
ميرداماد,ساساني پور,35.763371,51.409068
ژاندارمري,آرش,36.272613,49.986047
نياوران,نرسيده به مژده,35.812446,51.450112
فرشته,كرمعلي رضائي,35.764805,51.308363
جردن,كرانه,35.782429,51.418285
جردن,ناهيد شرقي,35.78304,51.424176
اميرآباد,روبروي پمپ بنزين,35.47543,49.053303
شريعتي,بالاتر از اسدي,35.68625,51.402503
یوسف آباد,خ 38,35.73584,51.405808
عباس آباد,ميدان تختي,35.730376,51.427021
اميرآباد,خ 9,35.47543,49.053303
فرمانيه,بر فرمانيه,35.792572,51.472492
بخارست,خ 13,35.732519,51.416866
تجريش,جعفر آباد,35.786789,51.451922
نياوران,كاشانك,35.812446,51.450112
تجريش,پاساژ كيش,35.786789,51.451922
ستارخان,آزاده,35.72125,51.36277
پاسداران,فرخي يزدي,35.758883,51.458209
اميرآباد,خ 10,35.723283,51.388423
نياوران,زماني,35.812446,51.450112
شريعتي,يزدانيان,35.68625,51.402503
سعادت آباد,خ 18,35.491333,51.215252
يخچال,شمس,35.65773,51.317536
سعادت آباد,صدف,35.761152,51.454106
جردن,شبنم,35.773339,51.315138
دربند,بالاتر از ميدان ,35.823329,51.425052
ميني سيتي,لاله,35.738326,51.592384
مجيديه,تقاطع رسالت,35.7402417,51.4666986
جنت آباد,بهارستان 10,35.677098,51.405701
گيشا,پيروزي غربي,35.758984,51.365656
بلوار کشاورز,بر بلوار,35.708463,51.395332
شمس آباد,مريم,35.790331,51.47201
مجيديه,لاهيجاني غربي,35.655314,51.324391
شريعتي,روبروي ملك,35.754249,51.448537
کاشانی,تراكمه,35.747436,51.285974
سعادت آباد,ايثار شمالي,35.786327,51.381104
-,شهرزيبا,35.746384,51.292073
ستارخان,رحيمي اصل,35.72125,51.36277
بهارشيراز,بر خيابان,35.717325,51.433892
اشرفي اصفهاني,اتوبان حكيم,35.745439,50.947289
منظريه,طبيب زاده,35.784345,51.45556
الهيه,پائين تر از 4 راه حسابي,35.800063,51.433925
جنت آباد,بهارستان 7,35.726391,51.38436
اشرفي اصفهاني,بالاتر از اتوبان حكيم,35.745439,50.947289
جنت آباد,ايرانشهر جنوبي,35.713298,51.419393
ستارخان,پاك جنوبي,35.72125,51.36277
اشرفي اصفهاني,گلستان 16,35.6539,51.477528
جنت آباد,لاله شرقي,35.72614,51.336386
اشرفي اصفهاني,22 بهمن,35.632262,51.22117
پونك,35 متري گلستان,35.524386,51.151536
جنت آباد,لاله غربي,35.752299,51.405514
اشرفي اصفهاني,زارع,35.782254,51.44597
اشرفي اصفهاني,صفاريان,35.745439,50.947289
جنت آباد,خ 10,35.726391,51.38436
اقدسيه,شهرك لاله,35.74281,51.281008
جنت آباد,قائم,35.726391,51.38436
ستارخان,باقرخان,35.677855,51.442382
پونك,خ 5,35.761113,51.339152
کاشانی,براتلو,35.747436,51.285974
بلوارفردوس,باصفاي جنوبي,35.631723,51.351463
کاشانی,نرسيده به ستاري,35.747436,51.285974
شريعتي,ساحل,35.738758,51.44617
گيشا,بر خيابان,35.733819,51.377536
بلوارفردوس,ورزي,35.729517,51.309057
ظفر,برخيابان,35.767495,51.422423
سعادت آباد,نبش خ 21 غربي,35.786327,51.381104
ستارخان,بلوار صالحي,35.706883,51.345486
بخارست,خ 11,35.735885,51.415434
شهرك آزمايش,اطاعتي جنوبي,35.73167,51.362127
مرزداران,دانش,35.714717,51.407046
زعفرانيه,پيراسته,35.796658,51.404938
الهيه,عظيمي,35.790246,51.428333
نياوران,گل سنگ,35.813933,51.445069
سعادت آباد,كوهستان,35.816114,51.411926
-,كردان,35.634855,51.044519
محموديه,ميرشريفي,35.79458,51.453558
ستارخان,عرب نجفي,35.72125,51.36277
کاشانی,جهاداكبر,35.747436,51.285974
اشرفي اصفهاني,گلستان 4,35.745439,50.947289
شريعتي,اشراقي,35.739685,51.446383
الهيه,تختي,35.868097,50.852136
سعادت آباد,خ 1 غربي,32.622345,51.668175
سعادت آباد,بهرود,35.791511,51.358127
کاشانی,مجاهد كبير,35.747436,51.285974
فرمانيه,سليماني,35.761738,51.481274
ژاندارمري,پاس فرهنگيان,35.624524,51.38715
مجيديه,پائين تر از ميدان ملت,35.655314,51.324391
صدر,دستور شمالي,35.80818,51.421489
لویزان,فرشادي,35.784531,51.495627
کامرانيه جنوبي,بر خيابان,35.798934,51.449285
فرمانيه,سنبل,35.792572,35.792572
نياوران,پورابتهاج,35.814002,51.478194
جنت آباد,بهارستان 18,35.7647,51.301506
شهران,بالاتر از فرهنگسراي معرفت,35.732968,51.500706
شريعتي,سليم,35.68625,51.402503
اشرفي اصفهاني,خان بابائي,35.745439,50.947289
اشرفي اصفهاني,خ 10,35.745439,50.947289
کردستان,برج هاي ASP,35.748234,51.402707
اوين,سوري,35.785386,51.388589
ولنجك,بر خيابان,35.806246,51.402068
ميرداماد,ميدان جوانان,35.763371,51.409068
جردن,مهيار,35.779644,51.418116
اشرفي اصفهاني,گلستان 29,35.694263,51.242445
اشرفي اصفهاني,پارك,35.726837,51.184918
جنت آباد,نرسيده به 4 باغ,35.748902,51.299698
اشرفي اصفهاني,البرز,35.745439,50.947289
اشرفي اصفهاني,بلوار عدل,35.760356,51.330399
شريعتي,قهرماني,35.725826,51.487189
پونك,اركيده,35.771546,51.329699
شهران,خ 5 شرقي,35.732968,51.500706
شريعتي,حميد,35.661332,51.428018
سعادت آباد,خ 21,35.811596,51.402293
دولت,حسام عراقي,35.704722,51.360347
جردن,كيان,35.753736,51.415664
شهران,نيلوفر جنوبي,35.755956,51.290913
اقدسيه,شهرك نفت,35.594122,51.442771
ستارخان,كوثر 3(نمازي سوم),51.370206,51.370206
اقدسيه,سپند,35.711592,51.417976
اقدسيه,مهربان,35.699837,51.380631
اميرآباد,شهريور,35.704413,51.360657
مجيديه,بلوار بيژن,35.758778,51.442566
خواجه نظام,سعيدي,35.706667,51.436937
-,پيچ شميران,35.693124,51.417835
بلوار کشاورز,پيام آوران ,35.757711,51.311582
جنت آباد,بهارستان 30,35.776316,51.307715
-,رامسر,35.703691,51.422873
نياوران,اقبال,35.774512,51.436598
قيطريه,دستور شمالي,35.793655,51.451165
سعادت آباد,ياشار,35.786327,35.786327
میدان نور,لاله شرقي,35.707414,51.403794
دروس,راستوان,35.770637,51.455881
اميرآباد,خ 16,35.727562,51.388118
سعادت آباد,خ 31 غربي,32.622345,51.668175
سعادت آباد,خ 14,35.781464,51.377896
وزراء,خ 32,35.734868,51.413299
اميرآباد,خ 12,35.681462,50.79245
بخارست,خ 12,35.732519,51.416866
فرمانيه,مهماندوست,35.729088,51.400854
پاسداران,بهارستان 8,35.787866,51.472235
قيطريه,روبروي پارك,35.793655,51.451165
شهرك غرب,ميدان بوستان,35.709298,51.353853
سعادت آباد,ميدان شهرداري,35.780217,51.367667
پونك,بلوار تعاون,35.706234,51.22316
سردارجنگل,35متري گلستان,35.759578,51.304252
اختياريه,صفا,35.783926,51.464405
کامرانيه شمالی,معصومي,35.79763,51.459497
پاسداران,بهارستان سوم,35.782711,51.467831
میدان نور,نرسيده به شاهين,35.707414,51.403794
ستارخان,گلاب,35.71295,51.368253
عباس آباد,بر خيابان,35.730376,51.427021
فرشته,گلنار,35.764805,51.308363
بلوارفردوس,باصفاي شمالي,35.631723,51.351463
دارآباد,پورابتهاج,35.818722,51.491358
دزاشیب,روبروي مسجد اميرالمومنين,35.777179,51.452552
جردن,چهرازي,35.772212,51.415986
شريعتي,ميدان قدس,35.804849,51.434094
تجريش,طباطبائي پور,35.809685,51.431121
پاسداران,بوستان 10,35.788966,51.498475
اقدسيه,موحد دانش,35.561177,51.556191
ميرداماد,كازرون,35.758889,51.433113
شهرآراء,كيا(منصوري),35.714149,51.371906
سعادت آباد,خ 13 (حسين كيان),35.786327,51.381104
اميرآباد,بر خيابان,35.723063,51.370173
شريعتي,بالاتر از ظفر,35.738758,51.44617
شريعتي,پيچ شميران,35.693124,51.417835
یوسف آباد,خ 68,35.748058,51.403898
پونك,خوش طينت,35.753905,51.330174
شهران,همت غرب,35.752095,51.347322
جنت آباد,بهارستان 4,35.765439,51.304918
شهران,بر خيابان,35.776208,51.444693
جنت آباد,بهارستان 11,35.776316,51.307715
اميرآباد,طباطبائي,35.737734,51.432704
اشرفي اصفهاني,گلستان 20 شرقي,35.745439,50.947289
اشرفي اصفهاني,گلستان 21,35.749198,50.943262
نامجو,كرانه,35.793055,50.997369
اشرفي اصفهاني,حيدري,35.74878,50.945258
-,استادمعين,35.693051,51.345961
شريعتي,نبش پيروز,35.756407,51.447925
اميرآباد,مريخ,35.737964,51.432669
ديباجي جنوبي,آزاد,35.754108,51.447174
میدان نور,لاله غربي,35.707414,51.403794
قيطريه,مهر,35.793655,51.451165
تجريش,3 راه نياوران,35.807249,51.428949
جردن,جهان كودك,35.78304,51.424176
سعادت آباد,خ 32,35.773435,51.378231
محموديه,نبش مهر,35.79458,51.453558
سعادت آباد,خ 38 غربي,35.772129,51.381449
کاشانی,شاهين شمالي,35.747436,51.285974
نياوران,بوكان,35.783393,51.464019
نياوران,محمدعلي صادقي,35.782157,51.463911
نامجو,4 راه عظيم پور,35.793055,50.997369
مجيديه,زندي,35.654737,51.32463
-,قزوين,35.668485,51.375505
شريعتي,گروسي,35.75726,51.447561
خواجه عبدالله,بني هاشم شمالي,35.744478,51.455157
یوسف آباد,خ 1/19,35.735195,51.397242
اميرآباد,خ 14,35.739584,51.430351
اختياريه,بر اختياريه,35.784402,51.464727
نياوران,جمال آباد,35.782052,51.464019
دربند,ميدان دربند,35.782199,51.374677
شريعتي,بالاتر از 4 راه قصر(قدوسي),35.756372,51.447947
وليعصر,نرسيده به تجريش,35.806872,51.426511
دربند,خليلي,35.822619,51.426489
جردن,سرو غربي,35.783166,51.423142
شهرك غرب,گلستان 1,35.754004,51.379261
نياوران,جبلي,35.783428,51.46198
پاسداران,بهارستان 5,35.780259,51.46743
تجريش,سليمان زاده,35.80207,51.432138
جمالزاده,خوشنگه,35.698418,51.389067
شريعتي,جنب بولينگ عبدو,35.756285,51.447711
کاشانی,لاله شرقي,35.742667,51.281006
آل احمد,قبل از پمپ گاز,35.69251,51.344864
جنت آباد,بهارستان 24,35.735857,51.377694
اشرفي اصفهاني,اباذر,35.747561,50.945194
جنت آباد,ايثارگران,35.728646,51.383939
جنت آباد,نرسيده به لاله,35.72781,51.384003
-,شهرك صنعتي 4 دانگه,35.67765,51.362085
شريعتي,بر شريعتي,35.752489,51.448719
کاشانی,نجف زاده,35.748066,51.284997
شهرآراء,مجتمع كوشك,35.714535,51.372523
سعادت آباد,خ 11,35.78301,51.374647
شهرك غرب,فاز 6,35.75632,51.375549
کاشانی,ميدان نور,35.747038,51.2868
نياوران,خداوردي,35.784994,51.462581
کاشانی,گلدشت,35.748153,51.284311
سعادت آباد,خ 31,35.772652,51.377201
صادقيه,بوستان 1 شرقي,35.756827,51.345582
جنت آباد,بهارستان 20,35.733906,51.378402
جنت آباد,بهارستان 26,35.736414,51.377244
ازگل,طلوعي,35.790007,51.510947
جنت آباد,بهارستان 19,35.73307,51.377094
کاشانی,بوستان 4,35.742231,51.291799
سهروردی جنوبی,برخيابان,35.721152,51.434036
شريعتي,ميثاق 5,35.761126,51.442818
مطهري,روبروي باشگاه بانك سپه,35.828583,50.996706
کريمخان,مجتمع بهجت آباد,35.715423,51.417563
ونك,توانير,35.747857,51.411683
-,كميل,35.830587,50.995247
فرمانيه,حاجي پورامير (پاك شمالي),35.780938,51.464126
اختياريه,بعد از افشاري,35.783219,51.464019
فرشته,4 راه حسابي,35.76137,51.311047
شمس آباد,ميدان شريفي,35.625343,51.356871
اشرفي اصفهاني,بابازاده,35.745439,50.947289
جنت آباد,خ 3 غربي,35.740068,51.280972
شهران,حاج شعبان علي,35.769454,51.275965
پونك,بالاتر از ميدان پونك,,
نياوران,منظريه 2,35.782644,51.463389
جنت آباد,سيمون بوليوار,35.726391,51.38436
پاسداران,نارنجستان 12,35.761453,51.456002
-,تهرانسر,35.736673,51.29772
یوسف آباد,خ 19,35.730861,51.403369
عباس آباد,عبادي,35.730376,51.427021
وليعصر,سه راه بهشتي,35.730711,51.428523
شريعتي,روبروي پارك شريعتي,35.754249,51.448537
نياوران,شفيعي,35.782644,51.463389
اميرآباد,مستعلي,35.737734,51.432704
سعادت آباد,خ 29,35.786327,51.381104
ستارخان,حجت,35.72125,51.36277
سعادت آباد,ايثارگران شمالي,35.786327,51.381104
مجيديه,صالحي,35.655314,51.324391
نياوران,مهدي زاده,35.782644,51.463389
شيخ بهائي,خ21 شرقي,,
-,شهرك ساحل,35.73918,51.264098
پاسداران,بهارستان 9,35.768296,51.459392
فرشته,خزر,35.764805,51.308363
شريعتي,ميثاق 4,35.754249,51.448537
خواجه عبدالله,خ 14,35.747317,51.451882
ستارخان,غلامي,35.712789,51.357726
فرشته,بر خيابان,35.764805,51.308363
دزاشیب,روبروي آتش نشانی,35.807824,51.453273
زعفرانيه,شارستان 7 شرقي,35.803356,51.420176
نياوران,مرجان,35.787525,51.432633
پاسداران,اميرابراهيمي,35.762746,51.458116
زعفرانيه,طاهري,35.791544,51.39268
-,كن,35.760623,51.27704
سعادت آباد,خ 25,35.782863,51.384253
پاسداران,گلستان 4 شرقي,35.769964,51.465293
دربند,بر خيابان,35.823329,51.425052
میدان نور,پيامبر مركزي,35.737618,51.317062
دزاشیب,بوعلي,35.807824,51.453273
شيخ فضل الله,امرالهي,35.710244,51.339865
گاندي,خ 7,35.75225,51.412412
اشرفي اصفهاني,كوهسار 17 شرقي,35.739189,51.355251
شمس آباد,صالحي,35.745878,51.475789
تهرانپارس,بر خيابان,35.728111,51.522893
یوسف آباد,خ 27,35.731881,51.398729
جنت آباد,بر خيابان,35.726391,51.38436
شهرآراء,بر خيابان,35.714149,51.371906
شريعتي,شيخ صفي,35.718712,51.449427
رسالت,آزادگان,35.748147,51.507358
طالقاني,بهار جنوبي,35.630976,51.214247
سهروردی شمالی,انديشه 6 غربي,35.752532,51.245404
فرمانيه,حوري,35.806391,51.448053
پاسداران,نارنجستان 9,35.80023,51.47803
ونك,بن بست صدر,35.757194,51.404742
نياوران,فخاري,35.780392,51.43467
توحيد,نرسيده به ميدان توحيد,35.630397,51.221641
اوين,مفيدي,35.80119,51.386141
قيطريه,ميدان پيروز,35.793655,51.451165
-,اتوبان بابائي,35.763042,51.568063
مجيديه,فروزنده اصل,35.735846,51.468721
پونك,گلزار 1شرقي,35.76889,51.312695
دربند,زماني,35.808235,51.436543
پاسداران,ميدان اختياريه,35.787071,51.466428
وليعصر,روبروي 3 راه فاطمي,35.767019,51.381037
جنت آباد,بهارستان 12,35.768138,51.304989
جنت آباد,نسترن,35.757212,51.311771
شهران,محمدي,35.756055,51.287935
بخارست,خ 17,35.732519,51.416866
اشرفي اصفهاني,گلستان شرقي,35.745439,50.947289
اشرفي اصفهاني,ميدان عدل,35.755491,51.328832
سئول,اوستا,35.768094,35.768094
آزادی,سهرورد غربي,35.769291,51.481174
خواجه عبدالله,خ 16,35.744333,51.456208
بلوارفردوس,ستاري,35.743144,51.444326
-,جاده ساوه,35.405739,50.830517
دزاشیب,بر خيابان,35.807824,51.453273
فرشته,هدايت,35.764805,51.308363
جمالزاده,شباهنگ,35.709887,51.385656
قلهك,ميري,35.768059,51.443843
خواجه عبدالله,خ 10,35.744333,51.456208
شريعتي,ظفر,35.689896,51.41138
سهروردی شمالی,تقاطع عباس آباد,35.73329,51.439994
بخارست,خ 2,35.735885,51.415434
بخارست,خ 18,35.732519,51.416866
ازگل,شهرك 7 تير,35.798435,51.515178
مجيديه,بر خيابان,35.655314,51.324391
درکه,امامزاده قاسم,35.793597,51.430181
مجيديه,حفظي,35.741837,51.472407
دربند,سازمان آب,35.690747,51.402787
دزاشیب,سليمي,35.777561,51.445387
زعفرانيه,وشاق,35.804439,51.416925
بلوارفردوس,رز غربي,35.722997,51.320232
وزراء,روبروي پارك ساعي,35.737354,51.412513
جنت آباد,باهنر,35.743007,51.304746
-,اتوبان امام علي,35.700549,51.457429
اشرفي اصفهاني,مالك اشتر,35.514805,51.618962
گاندي,خ 39,35.75225,51.412412
توحيد,نادر,35.630397,51.221641
طالقاني,بر خيابان,35.630976,51.214247
نامجو,كاوه شرقي,35.793055,50.997369
توحيد,نصرت شرقي,35.630397,51.221641
شريعتي,ميثاق 2,35.681082,51.417045
مجيديه,نجفي,35.735846,51.468721
قيطريه,بر خيابان,35.793655,51.451165
دزاشیب,ميلاني,35.806673,51.438369
ملاصدرا,نرسيده به كردستان,35.756959,51.405535
اميرآباد,اردهالي,35.719602,51.390132
جردن,نرسيده به جهان كودك,35.757755,51.414294
جنت آباد,دانش,35.754088,51.306502
خواجه عبدالله,گل رو,35.744333,51.456208
جنت آباد,گلزار شرقي,35.76889,51.312695
-,زنجان جنوبي,35.696565,51.360024
اشرفي اصفهاني,مختاري,35.682112,51.448779
آزادی,صادقي,35.769291,51.481174
اوين,بعد از مسجد,35.79113,51.380342
شمس آباد,بلوار بيژن,35.745878,51.475789
-,كرمان شمالي,,
معلم,گوهري,35.580114,51.486073
مجيديه,اميرنيا,35.754742,51.472912
اشرفي اصفهاني,پيروزي,35.760408,51.231731
وليعصر,بر خيابان,35.806017,50.88734
زعفرانيه,بر خيابان,35.803356,51.420176
توانير,سروران,35.746715,51.408651
نوبنياد,گلزار,35.766171,51.475762
یوسف آباد,خ 26 شرقي,35.747333,51.403981
سعادت آباد,آسمان 2 غربي,35.779945,51.37547
کاشانی,مرادي,35.747436,51.285974
يخچال,بر خيابان,35.632079,51.210639
قيطريه,مهر محمدي,35.793655,51.451165
قيطريه,ميدان كتابي,35.793655,51.451165
اقدسيه,ندا,35.760888,51.470353
ونك,نيايش,35.776017,51.397477
ملاصدرا,صدر,35.80818,51.421489
ظفر,ناجي,35.766482,51.42443
دربند,صالحي,35.807437,51.439332
خواجه عبدالله,مرادي,35.649498,51.324006
جنت آباد,بهارستان 25,35.773234,51.303786
اقدسيه,شهرك آتي ساز,35.74916,51.152005
یوسف آباد,ميدان فرهنگ,35.725201,51.396024
بخارست,بر خيابان,35.732519,51.416866
ظفر,رودبار شرقي,35.756897,51.445776
بلوار کشاورز,كبكانيان,35.708463,51.395332
آجودانيه,بهزاد,35.814673,51.483299
ستارخان,دهقان,35.718444,51.361572
شهرك غرب,بوستان 2,35.756414,51.375859
دربند,زبردست,35.821973,51.434741
اقدسيه,فريد,35.811024,51.480212
اميرآباد,خ 4,35.727562,51.388118
فرمانيه,لادن,35.797383,51.471901
نياوران,كني,35.80858,51.445863
فرمانيه,نارنجستان 7,35.798839,51.474621
ظفر,بامداد,35.767495,51.422423
جنت آباد,بالاتر از ايرانپارس,35.726391,51.38436
جنت آباد,شقايق,35.760824,51.29191
شهران,خ 2 غربي,35.76739,51.29663
میدان نور,گلها,35.707414,51.403794
شهرك غرب,گلستان جنوبي,35.757562,51.380349
اميرآباد,هيئت,35.706012,51.384704
دزاشیب,حقيقت اول,35.795921,51.457245
ميرداماد,تخارستان,35.765868,51.427667
دزاشیب,حكمت,35.782644,51.463389
شريعتي,ميثاق 3,35.738758,51.44617
سئول,شهرك فجر,35.777736,51.394722
اميرآباد,ديدگاه,35.71579,51.390978
کاشانی,سازمان برنامه جنوبي,35.747436,51.285974
پاسداران,بهارستان 4,35.783176,51.468196
اشرفي اصفهاني,آذري,35.745439,50.947289
دولت,كيهان,35.728321,51.433836
پاسداران,بهارستان 6,35.783176,51.468196
جردن,ديدار شمالي,35.758902,51.416427
شهران,شقايق,35.760824,51.29191
پونك,5 تن,35.761113,51.339152
جنت آباد,4 باغ شرقي,35.750363,51.308136
سعادت آباد,خ 30 غربي,35.774286,51.379726
آل احمد,سروناز,35.692782,51.344387
دولت,بهمني,35.777597,51.440151
اقدسيه,شهرك خلبانان شكاري,35.814955,51.502196
آل احمد,شهرك آزمايش,35.692782,51.344387
بلوارفردوس,محب,35.730949,51.291609
سهروردی شمالی,علي اكبري(پارسا),35.73329,51.439994
پونك,حافظ,35.761113,51.339152
جنت آباد,بهارستان 23,35.772564,51.303071
اميرآباد,نرسيده به بلوار كشاورز,35.739097,51.391597
اشرفي اصفهاني,نسترن,,
اشرفي اصفهاني,ناطق نوري,35.745598,51.326328
جمالزاده,بالاتر از بلوار كشاورز,35.698849,51.388318
وليعصر,بالاتر از مطهري,35.755474,51.531162
اقدسيه,شهرك دانشگاه,35.706439,51.201792
مرزداران,شقايق,35.734472,51.352443
وليعصر,لقمان ادهم,35.693284,51.402766
خواجه عبدالله,خ 11,35.744554,51.457293
مرزداران,ياس,35.735506,51.35288
-,خيام شمالي,36.279318,50.009725
خواجه نظام,اجاره دار,35.706543,51.436257
جنت آباد,شهرك امورخارجه,35.727362,51.384007
اشرفي اصفهاني,معين,35.747615,50.9467
سهروردی شمالی,واثقي,35.733267,51.440784
اشرفي اصفهاني,بلوار مطهري,35.746556,50.950712
جنت آباد,ستاري,35.726717,51.378965
اشرفي اصفهاني,تختي,35.746333,50.945198
فرمانيه,ياسمن,35.785466,51.461663
شريعتي,نرسيده به قلهك,35.756684,51.447801
شهرآراء,گل چشم,35.715913,51.373214
سعادت آباد,خ 1,35.783656,51.36639
آل احمد,روبروي پمپ گاز,35.692782,51.344387
شهرآراء,خ 26,35.724847,51.369995
ظفر,آبان,35.79508,51.412872
توحيد,صائب,35.698662,51.408415
زعفرانيه,سنگر,35.793022,51.430334
تجريش,گويا,35.808372,51.429004
ميرداماد,كوشا,35.76557,51.410743
پاسداران,نصيري,35.778187,51.470343
سعادت آباد,مرواريد,35.783459,51.369452
بلوارفردوس,بعد از آسيا,35.722997,51.320232
بخارست,خ 4,35.730061,51.414627
آجودانيه,خ 12,35.782644,51.463389
فرمانيه,آذرمينا,35.794059,51.473029
-,ميدان فردوسي,35.701833,51.418987
جنت آباد,صبا,35.728615,51.383878
پونك,مرادآباد,,
اشرفي اصفهاني,بر خيابان,35.745439,50.947289
مجيديه,جهان تربيت,35.656802,51.323497
انقلاب,گرجي,35.832926,50.954467
وليعصر,افتخارنيا,35.815191,51.48946
آتی ساز,فاز3,35.787388,51.389518
وليعصر,بالاتر از توانير,35.794575,51.429691
منظريه,اديب,35.784532,51.45441
آپادانا,.....,35.708867,51.327018
آجودانيه,.....,35.782644,51.463389
آرژانتين,.....,35.736923,51.4156
آرياشهر,.....,35.722547,51.341773
آزمايش,.....,35.733832,51.365687
اقدسيه,.....,,
الهيه,.....,35.800063,51.433925
اميرآباد,.....,35.737734,51.432704
انقلاب,.....,35.70121,51.398234
بخارست,.....,35.732519,51.416866
بلوارفردوس,.....,35.722997,51.320232
بهار,.....,35.711072,51.428333
بهارشمالي,.....,35.730998,51.288241
بهارشيراز,.....,35.717325,51.433892
پارك ملت,.....,35.779304,51.409798
پاسداران,.....,35.778187,51.470343
پونك,.....,,
پونك باختري,.....,,
تجريش,.....,35.807249,51.428949
تهران ويلا,.....,35.716744,51.414349
توانير,.....,35.793597,51.430181
توحيد,.....,35.630397,51.221641
جردن,.....,35.78304,51.424176
جلفا,.....,35.748817,51.444035
جمالزاده,.....,35.698849,51.388318
جهان آراء,.....,35.735235,51.402501
خواجه عبدالله,.....,35.744333,51.456208
دارآباد,.....,35.818722,51.491358
دبستان,.....,35.738959,51.455899
دربند,.....,35.823329,51.425052
دولت,.....,35.704722,51.360347
ديباجي,.....,35.753136,51.447636
ديباجي جنوبي,.....,35.786877,51.459847
ديباجي شمالي,.....,35.800351,51.467568
رودهن,.....,35.730662,51.910411
زعفرانيه,.....,35.793597,51.430181
ساقدوش,.....,35.761703,51.468823
ستارخان,.....,35.72125,51.36277
سعادت آباد,.....,35.786327,51.381104
سهروردی شمالی,.....,35.73329,51.439994
سيدخندان,.....,35.741901,51.447102
شريعتي,.....,35.754249,51.448537
شمس آباد,.....,35.745878,51.475789
شمشك,.....,35.688042,51.261817
شهرآراء,.....,35.714149,51.371906
شهرك آزمايش,.....,,
شهرك غرب,.....,35.756414,51.375859
شيخ بهائي,.....,,
شيخ فضل الله,.....,,
صادقيه,.....,32.890313,59.205928
طالقاني,.....,35.630976,51.214247
ظفر,.....,35.767495,51.422423
عباس آباد,.....,35.730376,51.427021
عراقي,.....,35.822857,50.995659
فاطمي,.....,35.720151,51.405977
فرشته,.....,35.764805,51.308363
فرمانيه,.....,35.782644,51.463389
قائم مقام,.....,35.721575,51.420713
قلهك,.....,,
قيطريه,.....,35.793655,51.451165
کارگر,.....,35.484245,51.110366
کاشانی,.....,35.747436,51.285974
کامرانيه شمالی,.....,35.806103,51.462288
کردستان,.....,35.748234,51.402707
کريمخان,.....,35.715212,51.418011
بلوار کشاورز,.....,35.708463,51.395332
گاندي,.....,35.75225,51.412412
محموديه,.....,35.79458,51.453558
مرزداران,.....,35.734472,51.352443
مشهد,.....,36.273667,59.603544
مطهري,.....,35.755474,51.531162
ملاصدرا,.....,35.756959,51.405535
ميرداماد,.....,35.763371,51.409068
نفت,.....,35.758838,51.299047
نوبنياد,.....,35.782644,51.463389
نياوران,.....,35.815922,51.470221
هروي,.....,35.767156,51.476215
هفت تير,.....,35.716809,51.426777
ولنجك,.....,35.806632,51.400189
وليعصر,.....,35.732643,51.411123
ونك,.....,35.757432,51.409447
یوسف آباد,.....,35.730861,51.403369
سئول,.....,35.793597,51.430181
اشرفي اصفهاني,.....,35.694263,51.242445
جمهوري,.....,35.697198,51.382416
استانبول,.....,35.794656,51.427343
ميرزای شيرازي,.....,35.72579,51.415845
لاله زار,.....,35.693603,51.423152
اختياريه,.....,35.78819,51.459838
رسالت,.....,35.583026,51.45458
نامجو,.....,35.793055,50.997369
ميرعماد,.....,35.727165,51.425757
تهرانپارس,.....,35.728111,51.522893
خراسان,.....,35.653167,51.46649
خاوران,.....,35.665722,51.453273
آل احمد,.....,35.692782,51.344387
لواسان,.....,35.820326,51.625485
-,.....,,
اوين,.....,35.7952,51.391478
درکه,.....,35.809591,51.381104
شهریار,.....,35.670677,51.022759
بنی هاشم,.....,35.741364,51.557997
میدان نور,.....,35.707414,51.403794
دستور,.....,35.784967,51.441534
منظريه,.....,35.816247,51.465711
سوهانک,.....,35.801983,51.533408
پاليزي,.....,35.812115,51.429109
شيراز,.....,35.816898,51.479568
جمشيديه,.....,35.718501,51.383682
آزادی,.....,35.769291,51.481174
سردارجنگل,.....,35.761075,51.324846
فرحزاد,.....,35.786316,51.344273
منوچهری,.....,35.736858,51.297888
مفتح,.....,35.746344,51.567223
شهران,.....,35.732968,51.500706
ميني سيتي,.....,35.794343,51.506781
كرج,.....,35.840019,50.939091
يخچال,.....,35.684206,51.441266
فردوسی,.....,35.693124,51.417835
جنت آباد,.....,35.726391,51.38436
شمیران,.....,35.689197,51.388974
مجيديه,.....,35.735846,51.468721
دزاشیب,.....,35.807824,51.453273
صدر,.....,35.80818,51.421489
زرگنده,.....,35.776604,51.432271
امام حسين,.....,35.710919,51.278512
پارک ساعی,.....,35.736187,51.410933
سميه,.....,35.70378,52.057797
ويلا,.....,35.715964,51.414391
معلم,.....,35.580114,51.486073
خواجه نظام,.....,35.706667,51.436937
آتی ساز,.....,35.787388,51.389518
چیذر,.....,35.797178,51.455899
ازگل,.....,35.789395,51.512379
تهران نو,.....,35.708881,51.496613
نارمک,.....,35.750772,51.512962
شهرک اکباتان,.....,35.710929,51.311374
زرتشت,.....,35.717429,51.411054
سهروردی جنوبی,.....,35.721152,51.434036
پيروزي,.....,35.694923,51.487417
چمران,.....,35.763213,51.314501
لویزان,.....,35.782644,51.463389
بازار,.....,35.671804,51.423084
یوسف آباد,.....,35.730861,51.403369
آجودانيه,خ 4غربي,35.809517,51.482691
یوسف آباد,خ 1,35.721347,51.407868
قيطريه,ميرزاپور,35.793628,51.443853
کاشانی,گلستان 1,35.74289,51.316845
رسالت,حاجي پور,35.582348,51.454796
تجريش,ثبت,35.796329,51.424348
جمالزاده,نرسيده به بلوار,35.700736,51.388041
سوهانک,سوهاني,35.801683,51.529919
کاشانی,گلستان 6,35.728901,51.338603
دارآباد,بهار,35.816286,51.490545
سعادت آباد,خ 17غربي,35.776677,51.370854
وزراء,خ 5,35.730264,51.4157
شريعتي,پورمشكاتي,35.73704,51.445913
محموديه,نبش آبان,35.795337,51.413211
وزراء,خ 22,35.722671,51.414391
ميني سيتي,لشگرك,35.793264,51.506466
رسالت,بلوار 55,35.471956,51.730767
دولت,بهرامي,35.649578,51.342312
سوهانک,برج هاي آتي ساز,35.796639,51.524512
اقدسيه,شهرك گلها,35.713966,51.181657
تجريش,ملكي,35.84637,51.419762
بلوار کشاورز,بعد از جمالزاده,35.708463,51.395332
دروس,حجت سوري,35.772235,51.454586
جنت آباد,4 باغ غربي,35.770803,51.479459
شهرك غرب,فاز 7,35.756414,51.375859
-,اكباتان,35.706517,51.315785
کاشانی,بعد از آسيا,35.747436,51.285974
وليعصر,نرسيده به عباس آباد,35.730376,51.427021
سئول,نيايش,35.77509,51.394155
سعادت آباد,شهرك بام تهران,35.779945,51.37547
فرشته,سرو,35.764805,51.308363
شيخ بهائي,خ 27,35.772252,51.3947
اشرفي اصفهاني,بالاتر از جلال آل احمد,35.728091,51.361382
ظفر,بين جردن و وليعصر,35.767495,51.422423
رسالت,آذري,35.72441,51.512778
سوهانک,ياس,35.794601,51.528097
ظفر,كارگزار,35.767077,51.42964
پاسداران,گيلان,35.76112,51.463852
گاندي,.....,35.75225,51.412412
آل احمد,اميركبير,35.728091,51.361382
نوبنياد,گلچين جنوبي,35.790227,51.492245
شريعتي,حكمت,35.738758,51.44617
چیذر,هاشمي,35.814886,51.458148
یوسف آباد,خ 15,35.727652,51.409387
پاسداران,كوهستان 8,35.796879,51.471147
کردستان,برج بين الملل,35.748234,51.402707
نياوران,ملاحسيني,35.815891,51.468802
شهرك غرب,ميدان صنعت,35.64123,51.338978
فرمانيه,تنگستان 2,35.744405,51.464532
الهيه,بر خيابان,35.868097,50.852136
بخارست,خ 14,35.732519,51.416866
کاشانی,گلستان 11,35.747436,51.285974
شهرآراء,خ 17,35.722584,51.369369
اميرآباد,خ 3,35.736815,51.432819
پاسداران,كوهستان 9,35.778187,51.470343
شهرآراء,16 متري محمدي,35.719953,51.372115
-,نواب,35.670574,51.381608
شهرآراء,16متري محمدي,35.719953,51.372115
شيراز,20 متري زرتشتيان,35.489838,51.214337
بلوار کشاورز,شوريده,35.708463,51.395332
آزادی,بر خيابان,35.769291,51.481174
اقدسيه,شهرك قائم,35.846038,50.955808
دارآباد,وكيلي,,
شمس آباد,جلالي پور,,
دولت,نشاط,,
اختياريه,جابان,,
پاسداران,بالاتر از ميدان هروي,,
وليعصر,بالاتر از ميدان ونك      ,,
ديباجي جنوبي,پيروزه,,
سئول,بر خيابان,,
شهرآراء,قائم,,
ميرداماد,بهروز,,
کاشانی,گلستان 10,,
شريعتي,ابتداي پاسداران,,
شهرآراء,خ 3,,
نياوران,صبوري,,
شمس آباد,آذين,,
اميرآباد,لاله,,
ستارخان,مهران افرند,,
آجودانيه,سپهري,,
ازگل,بيدستان 2,,
شريعتي,رفعت,,
اقدسيه,پارك 4,,
اميرآباد,مجد,,
مطهري,نرسيده به شريعتي,,
پاسداران,بوستان يكم,,
پاسداران,كوهستان يكم,,
اقدسيه,شهرك صدف,,
کاشانی,گلهاي پنجم,,
دولت,جلالي,,
سهروردی شمالی,كيهان شرقي(زينالي),,
ملاصدرا,سارا,,
فرشته,خيام,,
دولت,نرسيده به پاسداران,,
آزادی,حبيب زادگان,,
جلفا,ميدان كتابي,,
اميرآباد,نويد,,
آل احمد,نرسيده به اميرآباد,,
ستارخان,نرسيده به باقرخان,,
دربند,طباطبائي پور,,
مطهري,منصور,,
پاسداران,سروستان 10,,
خواجه عبدالله,خ 6,,
کردستان,بر خيابان,,
ديباجي شمالي,بر خيابان,,
فرمانيه,بوستان,,
ظفر,مطهري,,
سئول,خ 1,,
بلوار کشاورز,سعيد,,
ظفر,نرسيده به شريعتي,,
اقدسيه,توانبخشي,,
رسالت,ميرشريفي,,
دروس,برخيابان,,
ازگل,بر خيابان,,
آجودانيه,خ 5 شرقي,,
کريمخان,عارف اديب,,
ازگل,ياسمن,,
دربند,سعيدي,,
بلوار کشاورز,دهكده,,
ازگل,لاله,,
پاسداران,سروستان 4,,
ظفر,بين جردن  و مدرس,,
وزراء,خ 15,,
جلفا,بر خيابان,,
بلوارفردوس,بلوار الهام,,
نياوران,راد,,
خواجه عبدالله,خ 18,,
ديباجي جنوبي,بر خيابان,,
مجيديه,ميرشريفي,,
محموديه,برخيابان,,
اميرآباد,خ 15,,
يخچال,زهره,,
دولت,نوبهار,,
سهروردی جنوبی,.....,,
شهرآراء,نسيم,,
سهروردی جنوبی,حسام زاده,,
سعادت آباد,خ 20,,
جنت آباد,نيلوفر,,
دروس,هاتف اصفهاني,,
کاشانی,بنفشه,,
الهيه,واثق نوري,,
آجودانيه,خ 6 غربي,,
کريمخان,ماهشهر,,
جردن,نيلوفر,,
نياوران,فرهنگسرا,,
آجودانيه,روبروي پارك شطرنج,,
قيطريه,بهار جنوبي,,
کاشانی,وحيدي,,
زعفرانيه,يكتا,,
اميرآباد,خ 8,,
ستارخان,پل ستارخان,,
شهرآراء,خ 7,,
ازگل,خ 1,,
شيخ بهائي,خ 64 غربي,,
دولت,خرداد,,
جمشيديه,خ 24,,
اميرآباد,نصرت,,
فرمانيه,آرزو,,
آزادی,دهقان,,
ازگل,بهاران,,
وزراء,خ 27,,
شهرك غرب,فلامك جنوبي,,
اميرآباد,رستم,,
جنت آباد,نرسيده به كاشاني,,
کامرانيه شمالی,بر خيابان,,
دربند,نرسيده به ميدان,,
دولت,عفيف مصمم,,
درکه,ميراسماعيلي,,
آجودانيه,كاظمي,,
بازار,15 خرداد,,
آل احمد,پشت پمپ گاز,,
يخچال,بهمن,,
اميرآباد,صدوقي,,
سعادت آباد,خ 30,,
زعفرانيه,كوهسار,,
جردن,گل آذين,,
سعادت آباد,سعادت,,
اختياريه,ابهري,,
کامرانيه شمالی,بيات,,
سئول,12 متري سوم,,
سهروردی شمالی,شاهرخ,,
سعادت آباد,خ 34,,
اميرآباد,صالحي,,
دزاشیب,تهراني,,
مطهري,نرسيده به سهروردي,,
شهرآراء,خ 12,,
شهرآراء,خ 5,,
پاسداران,بهارستان 3,,
ستارخان,نمازي سوم,,
جردن,كوشيار,,
بازار,آهنگران,,
مجيديه,رمضاني,,
اقدسيه,عليخاني,,
شيخ بهائي,بر خيابان,,
جردن,امانيه,,
چمران,نرسيده به ميدان توحيد,,
جمشيديه,خ 7,,
شهران,خ 3,,
قيطريه,دلدار,,
قيطريه,شيرين,,
اقدسيه,لشگرك,,
جنت آباد,درفشي فر,,
شهرآراء,بالاتر از گذرنامه,,
یوسف آباد,خ 21,,
اشرفي اصفهاني,محمدي,,
صادقيه,بوستان 4,,
صادقيه,بوستان 2,,
فرشته,اخگر,,
اميرآباد,خ 6,,
قيطريه,بهار شمالي,,
اميرآباد,نرسيده به فاطمي,,
قيطريه,تواضعي,,
اميرآباد,گردآفريد,,
خاوران,خزانه بخارائي,,
پاسداران,ارم 4,,
مجيديه,لاهيجاني شرقي,,
دربند,بن بست دوم,,
فرمانيه,سيميندخت,,
کارگر,بر خيابان,,
یوسف آباد,خ 72,,
شهرآراء,هخامنش,,
فرمانيه,3 راه عمار,,
فرشته,حسابي,,
بازار,سبزه ميدان,,
بلوار کشاورز,حسيني,,
تجريش,حدادي,,
پاسداران,دشتستان 9,,
جمالزاده,معيني,,
اقدسيه,بر اقدسيه,,
بخارست,خ 15,,
شريعتي,نرسيده به سيدخندان,,
خواجه عبدالله,چگيني,,
فرمانيه,فربين,,
یوسف آباد,خ 63,,
پاسداران,كوهستان 10,,
آجودانيه,خ 5 غربي,,
دولت,نرسيده به شريعتي,,
جنت آباد,خ 1 غربي,,
کامرانيه جنوبي,گلشن,,
سعادت آباد,خ 26,,
ستارخان,اسدي,,
بلوار کشاورز,ونوس,,
گاندي,خ 37,,
بخارست,خ 1,,
سعادت آباد,خ 10,,
بلوارفردوس,وحيد شمالي,,
اقدسيه,نوري,,
ديباجي جنوبي,مالكي,,
سهروردی شمالی,بيشه,,
دولت,افخمي زاده,,
شريعتي,نرسيده به ظفر,,
قيطريه,دلاور,,
اشرفي اصفهاني,نرسيده به جلال آل احمد,,
سيدخندان,كامران,,
کامرانيه شمالی,بازدار شمالي,,
سعادت آباد,نرسيده به ميدان سرو,,
اشرفي اصفهاني,گلستان 18,,
سئول,12 متري دوم,,
اشرفي اصفهاني,گلستان 6,,
سهروردی شمالی,باسقي,,
اقدسيه,پارك دوم,,
دزاشیب,رهبري,,
دزاشیب,كاظمي,,
اميرآباد,گيتي,,
-,مدرس,,
سهروردی شمالی,خشنودي,,
جمالزاده,يزدان شناس,,
یوسف آباد,خ 32,,
اميرآباد,خ 13,,
سهروردی شمالی,نقدي,,
سعادت آباد,خ 36,,
جمالزاده,نهاوندي,,
مطهري,مجيدي,,
نامجو,شفق,,
یوسف آباد,خ 29,,
خواجه عبدالله,خ 1,,
شهرآراء,خ 11,,
چمران,بر چمران,,
سئول,12متري اول,,
يخچال,آبشار,,
شريعتي,حقوقي,,
اقدسيه,مسجد امام صادق,,
بلوار کشاورز,برادران مظفر(صبا),,
بلوارفردوس,باكري,,
شهرآراء,بلوك 18,,
-,شهرك پرديس,,
-,مهرآباد,,
فردوسی,غزالي,,
شهران,بالاتر از فلكه سوم,,
بخارست,خ 5,,
نامجو,قشقائي,,
آجودانيه,11 شرقي,,
آجودانيه,خ 9,,
یوسف آباد,خ 70,,
اميرآباد,4 راه فاطمي,,
آزادی,طاهرنيا,,
نياوران,خ 110,,
نياوران,110 غربي,,
نياوران,قنات جنوبي,,
مجيديه,ياور نژاد,,
اشرفي اصفهاني,4 ديواري,,
جنت آباد,ايرانشهر شمالي,,
درکه,زماني شرقي,,
آزادی,نرسيده به ميدان انقلاب,,
شريعتي,بالاتر از ملك,,
اميرآباد,فرصت,,
سوهانک,برج مرواريد,,
وليعصر,4 راه اميراكرم,,
جنت آباد,بهارستان 16,,
طالقاني,رحيميان,,
پاسداران,دشتستان 6,,
دولت,صاحبي,,
شيخ فضل الله,باغ كاج,,
مجيديه,مرادي,,
مرزداران,سادات,,
سهروردی جنوبی,افشين,,
-,اتوبان آهنگ,,
شمس آباد,سلطاني آذر,,
چیذر,برخيابان,,
مجيديه,كاظمي,,
جمالزاده,جهانگرد,,
آجودانيه,محمدي,,
جنت آباد,بهارستان 5,,
خواجه نظام,آذري وند,,
کاشانی,گلستان,,
توحيد,بت شكن,,
الهيه,كوي الهيه,,
خواجه عبدالله,خ نيرو محركه,,
سعادت آباد,خ 16 غربي,,
فاطمي,پروين,,
جنت آباد,.....,,
شريعتي,ميثاق 1,,
لواسان,سرافرازيان,,
سئول,شكري,,
اشرفي اصفهاني,گلستان 27,,
لواسان,ايثارگران,,
-,مخبرالدوله,,
رسالت,محمودي,,
آزادی,قاسمي,,
مجيديه,نصيري,,
شهرآراء,گل سرخ,,
وليعصر,نرسيده به سميه,,
ديباجي جنوبي,ميثم,,
بلوار کشاورز,عتيق,,
اشرفي اصفهاني,گلستان 26,,
سهروردی شمالی,سرمد,,
شريعتي,گل نبي,,
رسالت,ساجدي,,
بخارست,خ 19,,
شهرآراء,بلوك 16,,
جنت آباد,بهارستان 13,,
گيشا,فاضل  شرقي,,
کامرانيه جنوبي,آرزو,,
جمالزاده,نرسيده به نصرت,,
كرج,مارليك,,
شهرآراء,خ 4,,
اشرفي اصفهاني,خ امام حسين,,
ولنجك,درنا,,
جمالزاده,كلهر,,
نارمک,گلبرگ,,
شريعتي,بالاتر از حسينيه ارشاد,,
فرحزاد,سرتخت,,
پاسداران,دشتستان 4,,
شهریار,لم آباد,,
شهریار,شهرك والفجر,,
کريمخان,مصطفي خميني,,
پاسداران,بهارستان 14,,
سهروردی جنوبی,نفيسي,,
ديباجي جنوبي,جوزي,,
یوسف آباد,خ 35,,
شهران,بالاتر از همت,,
شريعتي,3 راه زندان,,
شمس آباد,3راه پياله,,
اختياريه,يزدانيان,,
چمران,خ نانوائي,,
شريعتي,بالاتر از طالقاني,,
پاسداران,بهستان 6,,
شهران,نرسيده به فلكه اول,,
مجيديه,لشگري,,
شهرك غرب,فاز 3,,
اشرفي اصفهاني,گلستان 28,,
مطهري,مرجان,,
بهارشمالي,بر خيابان,,
بخارست,خ 9,,
نامجو,ايستگاه مدرسه,,
-,خ امام خميني,,
پونك,.....,,
ستارخان,سپهر,,
سهروردی شمالی,انديشه 2 شرقي,,
اشرفي اصفهاني,لاله,,
سعادت آباد,خ 38,,
تهرانپارس,رشيد,,
ستارخان,نرسيده به خسرو,,
شهران,نرسيده به فلكه دوم,,
آزادی,روبروي دانشگاه شريف,,
آجودانيه,ابرار,,
کاشانی,لاله 2,,
بلوار کشاورز,دائمي,,
خواجه عبدالله,خ 2,,
اشرفي اصفهاني,35 متری گلستان,,
عراقي,فرهنگستان 1,,
چمران,باقرخان شرقي,,
شهرآراء,خ 1,,
درکه,مفيدي,,
بنی هاشم,مرادي,,
کامرانيه شمالی,شريفي,,
پاسداران,كوهستان 11,,
جمالزاده,نرسيده به فرصت,,
رسالت,باقريان,,
جنت آباد,بهارستان 14,,
جنت آباد,خ 4,,
سوهانک,ازگلي,,
شريعتي,آمل,,
بلوار کشاورز,سهيل,,
ازگل,گلچين جنوبي,,
وليعصر,اميريه,,
جنت آباد,بهارستان 17,,
آزادی,آران,,
آتی ساز,فاز 2,,
جنت آباد,خ 3 شرقي,,
کامرانيه جنوبي,امام صدر,,
جنت آباد,بهارستان 28,,
آجودانيه,خ 6,,
کامرانيه جنوبي,آبشار,,
بنی هاشم,حاجي پور,,
اميرآباد,برهاني,,
شريعتي,بالاتر از عباس آباد,,
منظريه,گل دوم,,
اشرفي اصفهاني,گلستان 30,,
اختياريه,بهرام,,
لواسان,بلوار امام خميني,,
منظريه,آراسته,,
سهروردی شمالی,انديشه 3 شرقي,,
جنت آباد,بهارستان 22,,
مفتح,بر خيابان,,
بهارشمالي,هلال احمر,,
فرمانيه,نارنجستان 9,,
عراقي,فرهنگستان 3,,
سعادت آباد,خ 12,,
-,جاده قديم كرج,,
عراقي,فرهنگستان 2,,
-,شميران نو,,
آجودانيه,خ 14,,
آجودانيه,خ 10,,
قيطريه,شيرواني,,
قيطريه,هنگامه شرقي,,
جنت آباد,پاستور,,
سهروردی شمالی,پاشا,,
وليعصر,4 راه پارك وي,,
شمس آباد,اميد,,
الهيه,ماهروزاده,,
-,فرحزاد,,
اشرفي اصفهاني,گلستان 3,,
ستارخان,نرسيده به پل ,,
اشرفي اصفهاني,بيدكي,,
شهرآراء,خ 20,,
جنت آباد,نيايش,,
شهرآراء,گلرخ,,
آجودانيه,بالاتر از پارك شطرنج,,
بنی هاشم,ساقدوش,,
انقلاب,آذرنوش,,
شريعتي,نرسيده به طالقاني,,
جنت آباد,رازي,,
کاشانی,نرسيده به جنت آباد,,
یوسف آباد,قدس ميرحيدري,,
اشرفي اصفهاني,نرسيده به نيايش,,
شهرك آزمايش,ياسمن جنوبي,,
اشرفي اصفهاني,گلستان 7,,
شريعتي,ميثاق 6,,
شمس آباد,مولوي,,
الهيه,كادوس,,
محموديه,گودرزي,,
تهرانپارس,خ 111,,
نياوران,ميدان ياسر,,
پاسداران,كوهستان 3,,
جنت آباد,خ 6 شرقي,,
جمهوري,4راه استانبول,,
تهرانپارس,خ 120,,
جمهوري,نوفل لوشاتو,,
درکه,ميدان دركه,,
بنی هاشم,نيستان 9,,
صدر,منظريه,,
فرحزاد,خ امام زاده داوود,,
درکه,لاله,,
بازار,پامنار,,
پاسداران,نوبنياد,,
جنت آباد,گلزار غربي,,
جنت آباد,خ 5 شرقي,,
شهران,سرو,,
شيخ فضل الله,برخيابان,,
بنی هاشم,بر خيابان,,
اشرفي اصفهاني,نرسيده به پل حكيم,,
بنی هاشم,نسترن,,
جنت آباد,بهارستان 15,,
شهرآراء,زرخيز,,
بنی هاشم,سپيده,,
بهارشمالي,وارسته,,
انقلاب,پيچ شميران,,
منظريه,بر خيابان,,
جنت آباد,بهارستان 3,,
اشرفي اصفهاني,گلستان 20 غربي,,
بلوار کشاورز,معظم,,
دولت,رشيدي,,
شهرآراء,بالاتر از پارك,,
کامرانيه جنوبي,مريم,,
تهرانپارس,وفادار غربي,,
شريعتي,بالاتر از 3 راه زندان,,
اشرفي اصفهاني,گلستان 19,,
فرحزاد,حجت الله,,
لواسان,نارون,,
فرحزاد,گلبرگ3,,
-,ميدان حر,,
آتی ساز,بلوك 23,,
سوهانک,ميدان قائم,,
بنی هاشم,فرزانه,,
نياوران,ناز,,
اوين,ميدان دانشگاه,,
مجيديه,نرسيده به ميدان سرباز,,
منظريه,پيشاهنگ,,
آتی ساز,فاز 1,,
دربند,ميدان امام زاده قاسم,,
الهيه,گلناز,,
فردوسی,خسرو زماني,,
طالقاني,بهار شمالي,,
نامجو,ايستگاه روشنايي,,
شهرآراء,شهرآراء,,
فرشته,بعد از تختي,,
اشرفي اصفهاني,امام حسن,,
تهران نو,خاتم,,
اوين,باغستان 8,,
چیذر,ميدان چيذر,,
-,هشتگرد,,
فرحزاد,ميدان فرحزاد,,
كرج,مهرشهر,,
چمران,نرسيده به پل مديريت,,
دروس,بهستان ,,
كرج,زعفزانيه,,
كرج,بلوار امام خميني,,
آتی ساز,سوري,,
تهرانپارس,توحيد,,
آجودانيه,آذرمي,,
نياوران,آرين,,
عراقي,بر خيابان,,
دولت,باقري,,
منظريه,مرجان,,
اقدسيه,پارك اول,,
کامرانيه جنوبي,گلريز,,
شهرآراء,خ 35,,
شهرآراء,گل افشان,,
قيطريه,غفاري,,
-,ميدان شهدا,,
صدر,نرسيده به دستور,,
قيطريه,بلوار 35 متري قيطريه,,
بلوارفردوس,سازمان برنامه مركزي,,
دولت,رستمي,,
آپادانا,,,
سهروردی شمالی,محبي,,
ستارخان,روبروي دريان نو,,
مجيديه,ميدان سرباز,,
قيطريه,نرگس,,
اوين,بر خيابان,,
طالقاني,بعد از تقاطع بهار,,
بلوار کشاورز,رويان,,
آجودانيه,17 شرقي,,
آجودانيه,16 شرقي,,
کاشانی,نرسيده به شاهين,,
جلفا,تيهو,,
شهرآراء,خ 24,,
وليعصر,ميدان راه آهن,,
قيطريه,سه راه منظريه,,
بخارست,خ 16,,
درکه,بر خيابان,,
پيروزي,همایون,,
صدر,بر اتوبان,,
اقدسيه,مسجد جامع,,
صدر,فتح,,
-,حکیم غرب,,
دولت,هروی,,
جنت آباد,رازی,,
کامرانيه شمالی,یاسمن,,
پاسداران,نارنجستان 11,,
ديباجي شمالي,رعنا,,
عراقي,سرو,,
ديباجي جنوبي,نرسیده به صدر,,
